,Neff,block_length,cas,density,density_sigma,dielectric,dielectric_sigma,dielectric_sigma_fixedblock,formula,inefficiency,initial_density_length,initial_traj_length,n_frames,n_trimmed,temperature
0,649.2877197265625,104,107569-51-7,786.5177188092482,0.1588037537651138,7.5650199579268635,0.590672210984752,0.22835361739875512,C4H10O,18.28773307800293,12000,600,594,127,313.2
1,312.83258056640625,15,31372-91-5,681.2495007917777,0.1764184518252655,1.002695575890369,0.0001048259206890088,7.548818963860223e-05,C8H18,25.57598114013672,8000,400,400,0,308.2
2,390.5351867675781,42,71-41-0,796.9758902305109,0.1780987393661279,5.670135136319832,0.5641248379912638,0.10992563716694775,C5H12O,18.34661865234375,12000,600,359,4836,308.2
3,306.8183288574219,58,142939-39-7,995.5641334381841,0.17351634328630652,6.194235964984496,0.24866700474803782,0.14063050541151967,C6H14O3,39.11435317993164,12000,600,600,0,298.2
4,424.0248107910156,5,111-84-2,680.2990379706162,0.14673468293340625,1.00292319319046,0.00011888229378472199,0.00010794281311857642,C9H20,18.786636352539062,8000,400,399,35,328.2
5,649.3672485351562,5,102256-29-1,959.4209822380052,0.18379747292873183,4.644140351056099,0.1521458951591247,0.15110157053045226,C4H6O2,12.3212251663208,8000,400,400,0,318.2
6,846.025146484375,10,164071-41-4,1088.12797158666,0.16731135928765378,49.211624387184635,2.3908981533190095,1.8850565872162195,C2H6OS,14.181612014770508,12000,600,600,3,313.2
7,428.88214111328125,67,107569-51-7,801.0833847356619,0.1875355282875358,8.386133635760011,0.6611451471287595,0.24912983132848474,C4H10O,15.11604118347168,8000,400,325,1518,298.2
8,1234.138427734375,20,54841-71-3,781.3771271840096,0.19593413973414026,20.539447041847836,0.8213747764083325,0.5674289886299619,CH4O,12.965320587158203,16000,800,800,0,298.0
9,292.20782470703125,18,105-59-9,1042.3232502719195,0.1839237494029055,19.175774804440398,1.4313774472632692,0.23367477004340986,C5H13NO2,39.923641204833984,12000,600,584,335,323.2
10,423.11956787109375,14,126492-54-4,887.7959285078971,0.1650144366437574,2.6889912822764597,0.10151248878205961,0.08149783933127977,C7H12O2,18.174531936645508,8000,400,385,311,315.6
11,681.3224487304688,5,140-88-5,919.1639490975822,0.16352287369215443,3.581304281214363,0.11839807584166805,0.10890171660177342,C5H8O2,17.61280632019043,12000,600,600,1,315.6
12,551.385009765625,77,71-23-8,786.4211839339367,0.19008539181390302,9.243402774562133,0.7327155176913365,0.4153308688524079,C3H8O,14.470832824707031,8000,400,399,22,308.2
13,490.1355285644531,134,71-23-8,791.535003977906,0.19272528774153763,9.348399169044937,0.838523313172041,0.21147124258780509,C3H8O,16.32405662536621,8000,400,400,0,303.2
14,323.9106140136719,109,126-33-0,1300.3180461521713,0.19813699585134714,18.44041652197209,1.1359502329926556,0.23837182644944785,C4H8O2S,98.79268646240234,32000,1600,1600,1,303.2
15,584.7673950195312,1,173201-80-4,876.0970525831722,0.18014367563524322,6.530133005968902,0.18391279569706395,0.21521667092279095,C4H10O2,13.670392990112305,8000,400,400,7,328.2
16,530.405029296875,100,140-88-5,950.0425728732878,0.16138551078801297,3.807651692609396,0.18730387551083547,0.11494693403181105,C5H8O2,21.344066619873047,12000,600,566,680,288.2
17,940.68408203125,231,121182-78-3,781.9530422918939,0.17228348996319076,13.002544323499958,0.5233771554473995,0.3461200771657749,C2H6O,16.536901473999023,16000,800,778,445,303.2
18,366.4798278808594,284,11119-77-0,929.7512668550843,0.18002552393684268,10.325826521273822,0.5865842005120923,0.2634000351501987,C6H10O,54.52687454223633,20000,1000,1000,18,298.2
19,513.3966674804688,5,102256-29-1,988.2867496497086,0.18896297340038856,4.647112648814872,0.12922037123710384,0.13497383392744625,C4H6O2,15.584440231323242,8000,400,400,0,293.2
20,261.7693176269531,251,110-97-4,1005.1478166124468,0.1793447972426621,13.198157524253663,2.0772118103644646,0.042221070738847524,C6H15NO2,153.06988525390625,60000,3000,2004,19932,323.2
21,261.7542724609375,126,105-59-9,1047.063564660381,0.19885460525488102,22.19108636345738,1.7171750830560384,0.1452434707448379,C5H13NO2,152.81890869140625,40000,2000,2000,0,318.2
22,354.4134216308594,29,127-19-5,922.2382438875474,0.19667040045746614,18.907320992136178,2.093778348753986,1.3030872250781653,C4H9NO,11.246752738952637,4000,200,200,15,323.2
23,529.5064697265625,32,107569-51-7,795.9411172825584,0.1670722693600506,8.424374670269852,0.6941886132963214,0.17824349542761564,C4H10O,22.619176864624023,12000,600,599,24,303.2
24,180.06930541992188,17,105-59-9,1060.8691351772127,0.1871908457101315,16.098146077329147,2.458531719191965,0.7824531820208153,C5H13NO2,9.907296180725098,16000,800,90,14217,303.2
25,622.840087890625,3,28347-88-8,1072.8379907503804,0.16126691299647017,1.0790666197070256,0.0024811129812445463,0.002056012815213204,C4H8O2,24.346538543701172,16000,800,759,837,308.2
26,845.357666015625,104,121182-78-3,792.609167660476,0.17570517501714014,13.796328777845183,0.9372473054212204,0.46771701301012597,C2H6O,14.192809104919434,12000,600,600,3,293.2
27,493.44268798828125,8,102256-29-1,1005.0329236760917,0.18064201777203714,5.157826196041969,0.2257428111789539,0.13774730565386642,C4H6O2,16.214649200439453,8000,400,400,0,278.2
28,488.1475524902344,26,142-82-5,659.7625674027591,0.14849834294230954,1.0026518115539085,0.00010610729973514524,0.000122945054808204,C7H16,16.206165313720703,8000,400,396,90,308.2
29,384.1211242675781,109,126-33-0,1281.7412772131738,0.1943722202636265,18.54751064898118,1.4565492745163575,0.2702037619989936,C4H8O2S,83.30445098876953,32000,1600,1600,2,323.2
30,352.28082275390625,29,127-19-5,941.4883846554097,0.1892114423003482,22.3153770064491,2.7992978001774964,0.8486254722151312,C4H9NO,11.357416152954102,4000,200,200,0,303.2
31,354.9312744140625,439,189832-99-3,939.8554450726596,0.19356986111352892,14.162307577814449,1.6163876007262952,0.36989863312297294,C4H11NO,45.51585388183594,32000,1600,808,15846,318.2
32,2042.6209716796875,3,14314-42-2,1074.1733006039958,0.18467764920781876,163.55886482428699,5.51254186595254,5.018281102405692,H2O,7.722431182861328,16000,800,789,227,279.2
33,330.66455078125,285,61791-44-4,1103.0115363434716,0.18536225592166886,17.69354506671382,1.2880921187068108,0.11752158334889554,C4H11NO2,143.90414428710938,48000,2400,2380,417,323.2
34,467.6474609375,5,126492-54-4,877.2864829730402,0.1736417146366791,2.825851843313744,0.10473089692818076,0.09518548468457946,C7H12O2,25.491424560546875,12000,600,596,80,325.6
35,569.5813598632812,45,140-88-5,958.7624938639926,0.15495363474429927,3.995733814768921,0.23295925745303644,0.12751410708221828,C5H8O2,14.033113479614258,8000,400,400,8,280.6
36,490.4677429199219,232,71-23-8,796.2622223238508,0.1927235416229302,8.46361124367736,0.665215250861398,0.21358992317576642,C3H8O,16.312999725341797,8000,400,400,0,298.2
37,425.5529479980469,134,107569-51-7,801.0841503117297,0.1844548349336444,7.963809831201193,0.6667664818212721,0.21379831532374877,C4H10O,18.799070358276367,8000,400,400,1,298.0
38,240.15200805664062,3,118662-30-9,1159.0157980737895,0.14389506152714615,3.498587781322282,0.22099536693755034,0.12074680738852828,C6H14O4,5.2674970626831055,4000,200,64,2736,293.2
39,546.020263671875,15,140-88-5,930.3820622784399,0.17064782325529929,3.5263253303037883,0.14100904266719003,0.11410685063555688,C5H8O2,14.602022171020508,8000,400,399,28,305.6
40,388.96490478515625,2,142-82-5,669.677058649265,0.16042010923762293,1.0027550785125756,0.00011032986650441578,0.00012023600762675524,C7H16,19.47733497619629,8000,400,379,425,298.2
41,804.863525390625,69,140-88-5,916.0927978318134,0.16483010397131262,3.6059095641321717,0.08729531653546586,0.06959102813083166,C5H8O2,19.664203643798828,16000,800,792,174,318.2
42,2563.345703125,435,14314-42-2,1031.3792913402149,0.17886092860056846,112.33540876427317,3.8012691050879197,3.286980576856873,H2O,6.2363810539245605,16000,800,800,15,323.2
43,260.81884765625,26,126492-54-4,923.4260595101528,0.18778923302870468,3.0359612100766293,0.18784368196754417,0.09577364811896819,C7H12O2,30.676464080810547,8000,400,400,0,280.6
44,544.8978271484375,4,120-92-3,947.7309349409035,0.14739927117437207,8.974452294764312,0.38696686979379197,0.38705709725211074,C5H8O,13.363972663879395,8000,400,365,719,278.2
45,328.5721435546875,76,71-41-0,805.8756873694363,0.18410942633039123,7.192908649340378,1.0070581494042983,0.12878982678629156,C5H12O,23.465166091918945,8000,400,386,291,298.2
46,422.88677978515625,32,126492-54-4,910.4605995951899,0.16512027772466542,3.121770992187733,0.15647148067537717,0.0639821656259679,C7H12O2,28.149377822875977,12000,600,596,97,293.2
47,467.55426025390625,5,140-88-5,921.7575585756073,0.1967402623650333,3.627992360031347,0.11844131842941481,0.09788404030660909,C5H8O2,17.091064453125,8000,400,400,10,313.2
48,2214.8193359375,38,14314-42-2,1041.4927211429087,0.1909614195333217,119.08736196071573,4.831384742416403,3.9619455860743846,H2O,7.224517345428467,16000,800,800,0,313.2
49,2125.6611328125,20,14314-42-2,1072.3970680926307,0.1802657926319123,154.1624211962579,5.449541001924384,5.5808884402388,H2O,7.527540683746338,16000,800,800,0,281.2
50,425.0785217285156,13,142939-39-7,964.339201087295,0.1526822025783346,5.968781373335702,0.3282859455228095,0.2604866048533161,C6H14O3,14.011528968811035,8000,400,298,2045,328.2
51,468.6091003417969,77,140-88-5,936.2364077472822,0.1860683964333086,4.0169412298759735,0.17879180704943676,0.1432351514182307,C5H8O2,17.003511428833008,8000,400,399,33,300.6
52,432.44921875,5,140-88-5,938.7812783446635,0.19323445019649088,3.7519890995295486,0.14769245216029153,0.12011436669463152,C5H8O2,18.50159454345703,8000,400,400,0,298.2
53,331.9357604980469,88,61791-44-4,1119.058409862024,0.1483797351524917,10.492410939724353,1.1267094431709168,0.18241991622724943,C4H11NO2,14.49979305267334,32000,1600,241,27188,303.2
54,516.4358520507812,134,102256-29-1,965.5474287867693,0.19952723138721634,4.334780965041733,0.11822413034489096,0.11555435837277946,C4H6O2,15.492727279663086,8000,400,400,0,313.2
55,2053.353515625,70,14314-42-2,1077.902532988675,0.18041180007132815,179.59689070065681,7.828062620943756,6.999453456246043,H2O,7.7926177978515625,16000,800,800,0,275.2
56,424.136474609375,172,189832-99-3,935.5679067803593,0.17976313906341124,14.883286009891433,1.5385129309960157,0.3664282856235343,C4H11NO,55.951332092285156,24000,1200,1187,270,323.2
57,515.3934326171875,45,140-88-5,927.4105709922362,0.17624234375569886,3.5751725496599867,0.12185965145665426,0.09536284164972633,C5H8O2,15.524062156677246,8000,400,400,0,308.2
58,628.5507202148438,14,102256-29-1,999.3704189936898,0.15923749690649516,4.815803143792317,0.2248599394349049,0.21881368265463627,C4H6O2,11.337191581726074,8000,400,357,875,283.2
59,408.1507263183594,11,11119-77-0,919.7339319883934,0.17697170945464247,8.905459196608707,0.3532399087759463,0.23005322606112968,C6H10O,39.05175018310547,16000,800,797,62,308.2
60,358.9587707519531,8,126492-54-4,905.2778205372487,0.17205713681681667,3.111183747237709,0.11137162085458585,0.060849304471001404,C7H12O2,18.52580451965332,8000,400,333,1351,298.2
61,473.8817138671875,124,102256-29-1,996.5634521997571,0.18923250788058854,5.423836913571605,0.3618308744863548,0.27891050697366315,C4H6O2,15.324499130249023,8000,400,364,739,285.6
62,235.3385467529297,41,105-59-9,1038.711026171714,0.19685942431621248,13.874584983108905,2.117870023916571,0.21632008462716767,C5H13NO2,29.680644989013672,8000,400,350,1016,328.2
63,203.3614959716797,46,118662-30-9,1153.650038401806,0.16515362271313275,5.926864601778804,0.6051270553780081,0.23988973070868613,C6H14O4,19.202259063720703,32000,1600,196,28096,303.2
64,413.9310302734375,42,126492-54-4,892.6846659283913,0.16485907907022193,3.039204554689664,0.15110335663840735,0.0832461573566002,C7H12O2,17.667194366455078,8000,400,366,688,310.6
65,201.48101806640625,11,31372-91-5,699.6896161553736,0.19009081423030952,1.0028382848235056,0.0001708456689767939,0.0001749586369332835,C8H18,19.664382934570312,4000,200,199,39,288.2
66,302.8527526855469,38,126492-54-4,897.5460559506406,0.19284473571202654,2.8994909346878,0.1501179834630739,0.057287651382807406,C7H12O2,20.316804885864258,8000,400,308,1848,305.6
67,470.2582702636719,77,126492-54-4,880.0639982167246,0.15998566380415688,2.9920997163852148,0.12364435097302039,0.07210673948193501,C7H12O2,16.969398498535156,8000,400,399,21,323.2
68,578.3439331054688,18,102256-29-1,991.0760124431071,0.17773005079673942,4.623509867971034,0.16333453983989216,0.11866822488073711,C4H6O2,20.653799057006836,12000,600,598,56,290.6
69,550.3739624023438,20,57-55-6,1021.8672246493765,0.1745999613313634,17.808665336323003,0.9694182656407125,0.5289417692528486,C3H8O2,28.66777992248535,16000,800,789,223,313.2
70,266.1659851074219,593,111-46-6,1148.9428989823537,0.19990942491727215,15.563341986201118,1.1397135518570396,0.10262088915848042,C4H10O3,184.3361053466797,52000,2600,2454,2937,293.2
71,458.017822265625,25,68989-27-5,797.5924282836434,0.18368983528210964,8.052012571719125,0.8517634326199535,0.22497627301468914,C4H10O,17.0495548248291,8000,400,391,192,308.2
72,283.2510681152344,802,105-59-9,1056.0969563190158,0.182669608149433,28.696832125668287,2.975647714875307,0.14276773234614304,C5H13NO2,110.56269073486328,36000,1800,1566,4684,308.2
73,354.0764465332031,26,142939-39-7,974.8015304265906,0.1714822758757589,5.6116856519112535,0.32835771847646483,0.20662600348475954,C6H14O3,22.588342666625977,8000,400,400,3,318.2
74,649.669189453125,169,8013-70-5,794.4615801276844,0.17073921371761516,9.544416583764159,0.8901463482849947,0.2695923929608488,C3H8O,16.280593872070312,12000,600,529,1424,298.0
75,381.1854553222656,45,126492-54-4,908.1023673996324,0.16290909873589574,2.7403322031043413,0.14395574280198958,0.09883945343393119,C7H12O2,20.989782333374023,8000,400,400,0,295.6
76,484.8568420410156,134,140-88-5,947.2809569393174,0.17888723524672073,3.648058516264118,0.20548963268737072,0.12074889354311558,C5H8O2,16.50177764892578,8000,400,400,0,290.6
77,320.09130859375,107,61791-44-4,1098.70455044993,0.19123607196533848,18.37955863759102,1.405265154059156,0.18258258418204137,C4H11NO2,96.73802185058594,32000,1600,1549,1036,328.2
78,470.27337646484375,8,120-92-3,913.3154173613007,0.18422992758700196,8.535167618867792,0.3667880857012697,0.29102543526189195,C5H8O,17.013507843017578,8000,400,400,0,313.2
79,370.0794677734375,5,142-96-1,761.9166196904854,0.15207886721429106,1.8891404430537464,0.044817655156406976,0.03838468014640942,C8H18O,21.616979598999023,8000,400,400,1,303.2
80,424.8971862792969,10,105-58-8,998.5059691588324,0.17637708286584108,1.3957033737571747,0.0137075561193475,0.011656782757442268,C5H10O3,27.733768463134766,12000,600,590,217,308.2
81,731.6080932617188,18,140-88-5,913.1838353431943,0.15791593348761232,3.4860364492339895,0.09444129647635414,0.10368783136222448,C5H8O2,16.40359115600586,12000,600,600,0,320.6
82,516.271484375,5,102256-29-1,982.4734375990998,0.1874710232037777,4.637431092726814,0.15994208673403298,0.1464311796037758,C4H6O2,14.701567649841309,8000,400,380,411,298.2
83,210.18997192382812,2,111-84-2,698.5057131273052,0.19998971053052886,1.0027540264769577,0.00011339609334671195,7.938482117018632e-05,C9H20,38.05604934692383,8000,400,400,2,308.2
84,302.4611511230469,78,83855-85-0,915.1808026948,0.1943535681234799,6.4696553384285425,0.5733625108348553,0.23809909062355725,C5H12O2,26.436452865600586,8000,400,400,5,298.2
85,374.9271545410156,77,127-19-5,931.7762774690217,0.19427750468129876,30.91552200511804,2.7158166501653986,1.282346485496543,C4H9NO,21.196117401123047,8000,400,398,54,313.2
86,178.17237854003906,9,126068-67-5,1152.3042851185942,0.1687649786498428,4.075838135334734,0.4422233281092006,0.25825793685351667,C6H15NO3,7.032515525817871,4000,200,63,2748,303.2
87,814.50341796875,18,121182-78-3,776.2446578682168,0.18696717859897719,12.272518912832656,0.7346244262846352,0.35746272261740836,C2H6O,14.734130859375,12000,600,600,0,308.2
88,448.9062194824219,18,120-92-3,918.1169504643617,0.18680079502681574,8.60465154090419,0.301914611544804,0.2980496094203065,C5H8O,26.626941680908203,12000,600,598,48,308.2
89,331.5984802246094,10,126068-67-5,1152.0464990544926,0.11109436865528095,3.5575585597130237,0.2467138674349445,0.294760468897108,C6H15NO3,4.252130508422852,32000,1600,71,30591,308.2
90,871.5300903320312,104,616-38-6,1091.028122510428,0.15814500980446083,1.501706406012973,0.019445995498726693,0.015149806528725518,C3H6O3,13.731023788452148,12000,600,599,34,328.2
91,474.8248596191406,74,71-23-8,806.4157616272531,0.18409794670601778,12.899686274521734,1.9738212345884716,0.38714378187626014,C3H8O,15.75528335571289,8000,400,374,520,288.2
92,485.85662841796875,3,126492-54-4,874.5626629562153,0.16492498718343546,2.6198282193959885,0.0609768919752685,0.0557243792838861,C7H12O2,24.700702667236328,12000,600,600,0,328.2
93,691.4661865234375,3,140-88-5,910.231696177744,0.16701579223566324,3.609247592454853,0.11034004553350027,0.0921307210292159,C5H8O2,17.321165084838867,12000,600,599,24,323.2
94,429.8835144042969,5,120-92-3,927.8625553600897,0.1752972188536911,8.970782164259653,0.39794064925031813,0.3287962690691412,C5H8O,18.60736656188965,8000,400,400,2,298.2
95,643.7222900390625,78,121182-78-3,798.324969996896,0.19581164620610592,13.7253516007492,0.8444329223607641,0.4290392678003628,C2H6O,12.429272651672363,8000,400,400,0,288.2
96,282.7033386230469,8,126492-54-4,918.3429038546443,0.18037166349393532,3.0038676307737076,0.1818246371524822,0.11977269925535061,C7H12O2,25.128814697265625,8000,400,356,897,285.6
97,641.0833740234375,32,8013-70-5,784.067673049326,0.17690039183250456,9.734699750070254,0.6224868450156187,0.3442384663365353,C3H8O,18.719873428344727,12000,600,600,0,308.2
98,456.3336486816406,32,107569-51-7,805.4338328274728,0.17440880628072367,8.352600998005684,0.6173511132122508,0.20602644889226443,C4H10O,26.29874038696289,12000,600,600,0,293.2
99,546.9285888671875,5,173201-80-4,887.2473511555472,0.1785637213251545,6.52688329712638,0.30348221038511103,0.2429839364848377,C4H10O2,14.060336112976074,8000,400,385,311,318.2
100,556.6074829101562,78,120-92-3,952.7852270687059,0.14256655185086997,9.74500365096551,0.4659792835082857,0.4738680537148589,C5H8O,14.342243194580078,8000,400,400,18,273.2
101,357.09149169921875,2,105-58-8,1008.835617116908,0.17812226618424376,1.4351854069880394,0.02022526109347358,0.016685133973924137,C5H10O3,22.406023025512695,8000,400,400,0,298.2
102,749.0360717773438,5,140-88-5,907.2659005536369,0.15807851613644297,3.5902879449610356,0.09038182333141806,0.0764029929648478,C5H8O2,15.967188835144043,12000,600,598,41,325.6
103,604.2490234375,10,102256-29-1,1002.2168895679915,0.16974990555590416,5.005860188952685,0.17343876701141753,0.1329154269012267,C4H6O2,19.415836334228516,12000,600,587,269,280.6
104,2397.5634765625,70,14314-42-2,1049.5524368942442,0.17858753126761956,129.5249071311424,4.387465117470012,4.472776587060435,H2O,6.659260272979736,16000,800,799,35,305.2
105,554.46240234375,32,57-55-6,1007.1201890042685,0.1791169980379685,17.58052322536336,1.5059793249105227,0.606639970006354,C3H8O2,21.644390106201172,12000,600,600,0,328.2
106,1419.2833251953125,37,54841-71-3,787.747846717762,0.1744328526142671,19.6806916170275,0.7736859474640891,0.5544907622830889,CH4O,10.954824447631836,16000,800,778,453,293.2
107,427.2238464355469,74,120-92-3,932.8856439049681,0.1828957139819139,9.581502119065618,0.4345701353575109,0.3235397587126333,C5H8O,17.475616455078125,8000,400,374,535,293.2
108,2256.775634765625,3,14314-42-2,1061.3428594106997,0.18530900974277675,144.7796490547481,4.8420752974550005,3.5360759055029383,H2O,7.086658954620361,16000,800,800,8,293.2
109,1108.8946533203125,32,54841-71-3,793.5162231356449,0.1983111802869768,21.83984754439847,1.042204271055616,0.7284174689527797,CH4O,10.790925979614258,12000,600,599,35,288.2
110,463.4635925292969,32,83855-85-0,909.8652696484481,0.16093198600233136,6.99143366299411,0.3486901883048676,0.2032851052539301,C5H12O2,24.933998107910156,12000,600,578,445,303.2
111,460.1651916503906,58,107569-51-7,810.2388368758922,0.1708901238109821,7.5270371272705985,0.6912650847506094,0.14281873584185278,C4H10O,25.745101928710938,12000,600,593,154,288.2
112,602.2846069335938,76,616-38-6,1135.717318469844,0.16998402832448412,1.5475263658741434,0.019974608438703093,0.012173988364509433,C3H6O3,30.25480079650879,20000,1000,912,1779,288.2
113,368.4250793457031,2,173201-80-4,921.2195905237747,0.1885202416717633,6.381798850885931,0.3371896751295203,0.36441612322177797,C4H10O2,10.838024139404297,4000,200,200,8,288.2
114,404.9686584472656,18,126492-54-4,913.1486667763841,0.17164747330513233,2.8612043081981007,0.10887236960523518,0.058364535058101186,C7H12O2,29.622045516967773,12000,600,600,5,290.6
115,398.8201904296875,78,187997-16-6,1133.1533827738813,0.18973401284333685,40.083054372363215,5.289173046530675,1.1243382869455179,C4H6O2,20.06167221069336,8000,400,400,0,293.2
116,685.6835327148438,72,68-12-2,973.3107461955011,0.1501755780635398,26.600026112577574,2.3962797946464183,1.2687794304764903,C3H7NO,10.455260276794434,8000,400,359,832,303.2
117,183.2559814453125,210,110-97-4,1013.903629510445,0.18513701421366693,6.190392187418314,0.9688335187560548,0.10761001174619467,C6H15NO2,39.262020111083984,24000,1200,360,16806,313.2
118,467.4756164550781,15,8013-70-5,789.4357303195475,0.19964995037219552,10.199342477158023,0.692444344649954,0.4227628399867526,C3H8O,17.115331649780273,8000,400,400,0,303.2
119,199.712890625,4,142-96-1,776.6570843400648,0.19072726529939762,1.9140729897144457,0.07359025224356228,0.047953299664205806,C8H18O,19.352781295776367,4000,200,194,136,288.2
120,321.48797607421875,412,111-46-6,1139.4438085450643,0.1845365908916113,14.41432636220773,1.1020284648474559,0.18005408891230223,C4H10O3,97.89791107177734,64000,3200,1574,32528,303.2
121,400.6898498535156,2,140-88-5,955.6836947097917,0.18980337302610026,3.8068392780158185,0.10522600408572626,0.10598850496368285,C5H8O2,19.573741912841797,8000,400,393,158,283.2
122,427.1986999511719,257,189832-99-3,945.4391669486704,0.18127205338369756,15.493073547052466,0.9590209427619559,0.17068254469095928,C4H11NO,96.54055786132812,44000,2200,2063,2759,313.2
123,358.3023376464844,55,61791-44-4,1107.8116049355563,0.16938215652693925,15.606529479971389,1.6069598249215569,0.13316967996393048,C4H11NO2,89.01700592041016,40000,2000,1595,8106,318.2
124,358.02679443359375,132,71-41-0,815.046164070252,0.16530116296547565,5.450622475809625,0.480418769431556,0.1008173749282123,C5H12O,21.953664779663086,8000,400,393,141,288.2
125,389.99151611328125,32,11119-77-0,924.7182736331389,0.1707451339873003,9.044865749791677,0.45905815120521737,0.32098333843020566,C6H10O,30.772464752197266,12000,600,600,0,303.2
126,657.4623413085938,104,8013-70-5,792.7969271538507,0.16927067024600945,11.0876672114739,0.9322534069018674,0.3218543435005402,C3H8O,18.242870330810547,12000,600,600,7,300.2
127,666.866943359375,26,121182-78-3,787.6363064219554,0.1962803563512247,14.63189365057488,0.7982565756613682,0.6734606330130964,C2H6O,11.997895240783691,8000,400,400,0,298.0
128,478.283447265625,104,140-88-5,942.1165062226031,0.1781940743679865,3.7907221585164486,0.1952774878581855,0.12703772625379808,C5H8O2,24.840917587280273,12000,600,594,120,295.6
129,318.9986572265625,78,142-96-1,771.6002431478959,0.16621224168338353,1.9019237127764024,0.08575861477849075,0.04550242213582927,C8H18O,25.08160972595215,8000,400,400,0,293.2
130,233.80300903320312,553,105-59-9,1069.9271262580942,0.1795901533683285,24.781868591499357,4.402015429451983,0.09248610999114394,C5H13NO2,88.91673278808594,36000,1800,1040,15212,293.2
131,398.3158264160156,11,83855-85-0,920.7782142471058,0.1712971422751203,7.354539689612272,0.2875895492761983,0.1631668689212221,C5H12O2,37.69370651245117,16000,800,751,987,293.2
132,601.5399780273438,232,8013-70-5,799.8342181177385,0.17247506576741597,9.520323880395951,1.583898406837208,0.1865992252746894,C3H8O,13.300861358642578,8000,400,400,0,293.2
133,513.35107421875,527,9007-33-4,1066.0237725409277,0.18264385891250584,27.013844493334776,1.895447384821659,0.6577723977911273,C2H7NO,38.45711135864258,20000,1000,988,259,303.2
134,347.3994445800781,81,11119-77-0,934.2705429819049,0.18149027405018808,9.403214390600885,0.4236505147082726,0.24034422052908164,C6H10O,57.57349395751953,20000,1000,1000,0,293.2
135,718.5325927734375,58,121182-78-3,787.6851749524288,0.1938994927057889,12.328454116518875,0.9054642095148363,0.3376459759800567,C2H6O,16.70209503173828,12000,600,600,0,298.2
136,582.2342529296875,2,102256-29-1,947.8601385555958,0.19953536014065595,4.3831118925670856,0.14422462816263673,0.13044177345403224,C4H6O2,13.741891860961914,8000,400,400,0,328.2
137,245.2606658935547,59,61791-44-4,1118.0113007414986,0.1788169859350753,10.417177592183155,1.386691380865825,0.1773587739233723,C4H11NO2,22.421043395996094,48000,2400,275,42502,308.2
138,321.6408386230469,99,126492-54-4,915.6493081396576,0.1743150433669905,2.9962983102528016,0.1875575329154763,0.0720163061199413,C7H12O2,34.74993896484375,12000,600,559,824,288.2
139,191.02023315429688,18,118662-30-9,1156.7664126576133,0.16013102864415424,4.7210733342911375,0.5010085562774779,0.2973212167369688,C6H14O4,10.402039527893066,4000,200,100,2014,298.2
140,625.949951171875,32,8013-70-5,804.6344152206464,0.1648566081802827,11.516269437114916,1.0650630934620888,0.18048578637381343,C3H8O,19.17245864868164,12000,600,600,0,288.2
141,306.0286865234375,294,704-76-7,815.080492380158,0.15497956127614027,3.9681956172264767,0.3451602268606736,0.07396512264645924,C8H18O,33.983741760253906,12000,600,520,1601,308.2
142,924.966064453125,104,164071-41-4,1076.7265515854324,0.16688231575544435,52.270147162418645,3.205371341781612,2.354516813300328,C2H6OS,12.974530220031738,12000,600,600,0,323.2
143,622.5018920898438,8,173201-80-4,910.1558321297468,0.1544438490133412,7.069049974233214,0.27774777006992574,0.24546397347131746,C4H10O2,12.798355102539062,8000,400,399,34,298.2
144,213.75799560546875,5,111-84-2,716.0906358309458,0.18302408978551968,1.0030060321372896,0.00013127051031775985,0.00010628829142754727,C9H20,37.430179595947266,8000,400,400,0,288.2
145,249.46490478515625,2,31372-91-5,690.5314034204808,0.17988455299465303,1.0028698149802175,0.0001590412273980765,0.00013773996577691632,C8H18,15.653504371643066,4000,200,196,96,298.2
146,757.954833984375,32,164071-41-4,1099.2168838408634,0.17218276663179488,52.5202265285353,3.349143492031379,1.9746390578908064,C2H6OS,15.83339786529541,12000,600,600,0,303.2
147,404.3297119140625,185,68989-27-5,817.0658137530146,0.1863839665330939,8.918081162843364,0.7062371800076644,0.1262093959690603,C4H10O,29.325077056884766,12000,600,593,144,288.2
148,687.1838989257812,104,616-38-6,1102.365092815018,0.17600762621959457,1.537449251456032,0.01712531384230809,0.02032136121688294,C3H6O3,17.410186767578125,12000,600,599,37,318.2
149,428.5456237792969,14,11119-77-0,915.3460319401357,0.16582424182589525,8.96711194581199,0.47798092287832694,0.284069536673383,C6H10O,17.391380310058594,8000,400,373,548,313.2
150,583.301025390625,18,616-38-6,1113.5246523801525,0.18128729816108957,1.550115051636576,0.02425224752947862,0.01867548240590328,C3H6O3,20.574281692504883,12000,600,600,0,308.2
151,698.0286254882812,52,102256-29-1,976.7681798252806,0.16772838236015508,4.430982023629935,0.16933837428655552,0.12767324206088554,C4H6O2,14.456426620483398,12000,600,505,1910,303.2
152,623.4631958007812,26,102256-29-1,956.5425211722867,0.18492102580477182,4.456606688466598,0.20899799898214,0.11636573923115051,C4H6O2,12.833155632019043,8000,400,400,0,320.6
153,283.7430725097656,81,126068-67-5,1144.6830927075603,0.1374784693973125,8.205127168021209,1.0982448010714794,0.20693874701588377,C6H15NO3,15.200370788574219,8000,400,216,3688,313.2
154,378.25469970703125,134,71-41-0,801.1670153439411,0.17666927937927585,7.480198089581042,0.7613299879251598,0.109418199813719,C5H12O,21.14448356628418,8000,400,400,3,303.2
155,338.07855224609375,8,142-96-1,766.660894921946,0.15779954563818305,1.844017951370502,0.04840985216472953,0.03865561965378545,C8H18O,23.66609764099121,8000,400,400,0,298.2
156,659.8243408203125,2,102256-29-1,971.0964087653609,0.17399381475087175,4.751499153188659,0.17316959613215693,0.12031168009098954,C4H6O2,12.104736328125,8000,400,400,14,308.2
157,387.8692932128906,15,107569-51-7,791.331418289374,0.19758115026124767,7.290300282112268,0.5143358006624252,0.17719323079785626,C4H10O,20.625505447387695,8000,400,400,1,308.2
158,349.69293212890625,5,126492-54-4,903.0874441330743,0.17678394924297777,2.8360366368312624,0.07860392871436067,0.05402212705608087,C7H12O2,34.23003005981445,12000,600,599,31,300.6
159,575.2157592773438,132,102256-29-1,974.2602572167843,0.18387515600126056,4.260198991185745,0.15387645980337045,0.0958093730245668,C4H6O2,13.614022254943848,8000,400,392,170,305.6
160,279.8659362792969,13,126492-54-4,925.8529192172248,0.17667531073380613,3.1801891299891993,0.22490987210090344,0.050225675446468505,C7H12O2,23.314733505249023,12000,600,327,5476,278.2
161,279.8831481933594,24,126-33-0,1310.011451470207,0.18591881729400014,11.995882116168994,1.986558231845807,0.6135234466830359,C4H8O2S,10.536540031433105,4000,200,148,1052,293.2
162,304.1131591796875,94,31372-91-5,685.5321147588305,0.1647801778461823,1.0027732585906226,0.00014906366626743584,0.00016076716702701584,C8H18,16.990386962890625,8000,400,259,2834,303.2
163,375.6816101074219,15,126492-54-4,900.4000039422157,0.17329028817683306,2.706091790187787,0.12296199495152528,0.08010420255944864,C7H12O2,21.2759952545166,8000,400,400,8,303.2
164,478.4681396484375,5,28347-88-8,1062.2172275830678,0.19328440876706895,1.079720446956352,0.0024685750860250627,0.002512217194425742,C4H8O2,24.697568893432617,12000,600,591,184,318.2
165,1426.36181640625,129,54841-71-3,781.2247581414233,0.18075854641190053,19.874609713825606,0.9340465624007775,0.5775007691706987,CH4O,11.204730987548828,16000,800,800,19,298.2
166,376.7787780761719,10,31372-91-5,694.8285433348228,0.15120461840033902,1.0026872120265446,8.813276123315568e-05,8.697998498533725e-05,C8H18,31.50389862060547,12000,600,594,131,293.2
167,490.980224609375,32,68989-27-5,807.628744212045,0.17697234260135267,10.320529504506469,0.7601681770647756,0.21555741204921308,C4H10O,24.44293975830078,12000,600,600,0,298.2
168,588.2877807617188,2,102256-29-1,962.4750477827453,0.18824122708608493,4.598460115541812,0.18066152309236555,0.10684460853083201,C4H6O2,12.90014934539795,8000,400,380,412,315.6
169,339.7673645019531,153,189832-99-3,950.1269064195382,0.19516971326150706,16.217060074129545,0.912013437215261,0.15349752659348942,C4H11NO,159.82406616210938,60000,3000,2716,5698,308.2
170,626.0018310546875,5,616-38-6,1124.6752510913925,0.1702475513214646,1.5689943694688002,0.01805124594095216,0.014196284304557062,C3H6O3,19.114959716796875,12000,600,599,35,298.2
171,296.5711364746094,93,704-76-7,823.287847294609,0.14774122228089204,2.871259988104219,0.20631702711886732,0.06183700595182377,C8H18O,17.162830352783203,16000,800,255,10911,298.2
172,540.1580200195312,92,71-23-8,796.6836386576263,0.18481883791116913,9.362002111478159,0.6568281503359608,0.21857479488815956,C3H8O,18.564937591552734,12000,600,502,1973,298.0
173,318.99322509765625,251,100-61-8,1016.0889733480916,0.19360909919973512,2.349100028630489,0.12376577374578748,0.012652775639012218,C7H9N,125.39764404296875,40000,2000,2000,0,300.2
174,402.33599853515625,32,126492-54-4,920.5533068670766,0.153570663154769,3.223058350084852,0.15314140277244398,0.07783485138999997,C7H12O2,29.206932067871094,12000,600,588,250,283.2
175,320.30413818359375,44,142939-39-7,985.0419632084995,0.17121293356744102,6.014744782141955,0.46640943878559615,0.21816289146822165,C6H14O3,24.061506271362305,8000,400,386,294,308.2
176,467.2766418457031,151,57-55-6,1026.639795222894,0.18555093859031507,18.709098090865,0.9117907788421047,0.35650992840808615,C3H8O2,42.670654296875,20000,1000,997,62,308.2
177,611.4329833984375,18,140-88-5,944.3669096175615,0.1804170992389736,3.7519271664258627,0.13512622231657906,0.09273266322807044,C5H8O2,19.627662658691406,12000,600,600,0,293.2
178,681.4063110351562,76,102256-29-1,979.7147007432027,0.16643282999331196,4.561573972567951,0.22402895204713755,0.1928378449094739,C4H6O2,11.427836418151855,8000,400,390,214,300.6
179,474.542724609375,31,105-58-8,988.1780018091449,0.1741254341371226,1.3989199640148169,0.014997131282628983,0.012421095505401327,C5H10O3,23.304540634155273,12000,600,553,942,318.2
180,417.3125,678,126-33-0,1277.1833993691805,0.18632962959120572,17.627627978653155,0.9316497039783619,0.36200577690652236,C4H8O2S,62.44720458984375,28000,1400,1303,1941,328.2
181,564.6580810546875,8,120-92-3,923.0487752962366,0.1637763400998288,8.649804414977156,0.31076606379006005,0.3343610977429163,C5H8O,14.169636726379395,8000,400,400,0,303.2
182,332.7183837890625,32,8043-29-6,1255.0704372049615,0.19357088129629077,22.932631238762596,1.097650403494144,0.249545282595724,C3H8O3,131.30023193359375,44000,2200,2185,315,303.2
183,437.0661315917969,8,142-96-1,757.3727743012055,0.1451260356541211,1.8929531270232272,0.04472961066849866,0.04136370435594202,C8H18O,18.306154251098633,8000,400,400,0,308.2
184,2391.430419921875,237,14314-42-2,1051.6917533339513,0.1833113625432977,138.24740715511643,4.246486087862428,3.847799015350347,H2O,6.690974712371826,16000,800,800,0,303.2
185,305.5469055175781,129,704-76-7,805.8886476597438,0.1675332122285107,3.6448935338499644,0.3487327941546751,0.04083619651769074,C8H18O,52.36838912963867,16000,800,800,0,318.2
186,702.8311767578125,32,71-23-8,801.564491153482,0.16050629558581805,10.115267810723624,0.57966855968101,0.25426113498556085,C3H8O,17.05530548095703,12000,600,600,14,293.2
187,337.2206115722656,74,126-33-0,1286.9943087866318,0.19335171928760664,17.768444299745966,1.5408528719358805,0.40748452008364894,C4H8O2S,22.3295955657959,8000,400,377,471,318.2
188,182.92112731933594,84,126068-67-5,1142.352273966124,0.1834407336997597,14.316459731136678,2.900093403595297,0.16957944055857527,C6H15NO3,48.43617630004883,20000,1000,443,11141,318.2
189,586.1279907226562,104,187997-16-6,1128.4107782270385,0.15893503765158448,32.55595024366298,1.8857834866064889,0.6737881053526148,C4H6O2,20.47504997253418,12000,600,600,0,298.2
190,479.2584228515625,26,126492-54-4,882.5777850238085,0.1523655870110096,2.9366980188603735,0.11034083130826626,0.06785243638578023,C7H12O2,16.694541931152344,8000,400,400,0,320.6
191,597.6959838867188,15,187997-16-6,1123.6628904582828,0.15702356417301944,31.801947330481298,2.8433846112423784,0.8648983271687309,C4H6O2,13.291038513183594,8000,400,398,57,303.2
192,460.5936584472656,26,140-88-5,933.2962803788291,0.18576882807684364,4.052434519712534,0.18811255501920413,0.12359731021673409,C5H8O2,17.37105941772461,8000,400,400,0,303.2
193,602.9844970703125,9,140-88-5,953.2506526676832,0.15503223497438204,3.885515147150021,0.1425659865067823,0.1016135751102278,C5H8O2,16.769916534423828,12000,600,506,1889,285.6
194,250.55772399902344,70,105-59-9,1051.131057802044,0.1893700572769888,19.03370496850378,1.4905526873581239,0.19458024370086302,C5H13NO2,63.84955978393555,16000,800,800,3,313.2
195,370.892578125,26,140-88-5,961.3746905644679,0.18811773585356953,3.929842956745101,0.19017749532314512,0.1142907751297973,C5H8O2,21.510271072387695,8000,400,399,23,278.2
196,464.2294616699219,77,120-92-3,937.7197757474217,0.17247412362281828,9.932342549493947,0.46850139950091335,0.33852717589327974,C5H8O,17.017446517944336,8000,400,395,101,288.2
197,421.5664367675781,67,108-01-0,917.9557395464822,0.1735573462419862,21.015235755637732,1.5551092236692836,0.5051123076937721,C4H11NO,35.778465270996094,20000,1000,755,4918,303.2
198,535.1013793945312,58,79-16-3,963.0502359662507,0.18128715923763855,38.11657202202431,4.131294705228432,0.6110471107189457,C3H7NO,22.33034896850586,12000,600,598,52,313.2
199,366.2204895019531,38,105-58-8,978.1637665831905,0.19784190155066034,1.3657761959445622,0.02206413049863721,0.012664141313397681,C5H10O3,16.596559524536133,8000,400,304,1923,328.2
200,625.43408203125,18,187997-16-6,1114.079229442956,0.16229484483438694,32.48259373971206,2.0837021136281164,1.2237621302134314,C4H6O2,19.18827247619629,12000,600,600,0,313.2
201,600.8197631835938,20,57-55-6,1016.5430523104512,0.16750876876997337,16.6598582642496,1.0024669699339814,0.4727320902657918,C3H8O2,26.63028335571289,16000,800,800,1,318.2
202,630.1951293945312,26,102256-29-1,985.5680843089879,0.1699228467716381,4.491800836075998,0.15658285708253872,0.14022872387425073,C4H6O2,12.696067810058594,8000,400,400,0,295.6
203,360.6584777832031,15,111-84-2,707.3831774119866,0.13892543043878894,1.0026673575312945,9.753969713501138e-05,8.36745401869521e-05,C9H20,22.15392303466797,8000,400,400,11,298.2
204,313.5405578613281,189,189832-99-3,955.4899461991665,0.1991450675986344,18.689154229026315,1.763797810623749,0.22444482135927663,C4H11NO,86.46090698242188,28000,1400,1356,892,303.2
205,826.3611450195312,3,23296-41-5,1202.39812336982,0.19384385795371994,45.449659257180016,1.8959171104544215,1.2694934635185922,CH3NO,14.463409423828125,12000,600,598,49,303.2
206,726.4549560546875,1,102256-29-1,968.4220041134489,0.16437756989860797,4.738686603634916,0.16196564134583297,0.1609572043297261,C4H6O2,10.880233764648438,8000,400,396,97,310.6
207,426.9164123535156,20,57-55-6,1031.5526374166286,0.189335452131817,20.037716794810727,1.5638258828837772,0.5155337256618163,C3H8O2,37.45698165893555,16000,800,800,10,303.2
208,230.6489715576172,163,105-59-9,1064.6025743825937,0.1929209362178543,19.581699678430645,2.404560972348492,0.08017509821382934,C5H13NO2,260.139892578125,60000,3000,3000,0,298.2
209,417.42724609375,335,79-16-3,971.9701665459523,0.19766435332920468,46.30179026984645,5.551049126884906,0.3581981882593889,C3H7NO,28.749919891357422,12000,600,600,0,303.2
210,2230.72607421875,43,14314-42-2,1076.7451361235903,0.19098507666220196,170.4105187785296,6.361800528112849,4.61272539010035,H2O,8.906068801879883,20000,1000,994,134,277.2
211,404.54302978515625,118,71-41-0,810.9845210394664,0.15849851785423322,6.638644495680717,0.7834758213637036,0.18815828492514056,C5H12O,16.83875274658203,12000,600,341,5189,293.2
212,539.9263916015625,119,57-55-6,1012.2950655574202,0.17793042090160333,17.6273376474221,1.955769071185468,0.830435047484361,C3H8O2,26.74068260192871,16000,800,722,1563,323.2
213,661.28662109375,104,164071-41-4,1110.1295517868205,0.18046191087306515,59.23703414608245,3.4010715235074285,2.6091827789962445,C2H6OS,18.146442413330078,12000,600,600,1,293.2
214,200.47019958496094,1,111-84-2,689.2889564153149,0.199213635327998,1.0026782299892583,0.000138915887869632,0.00011881689240424875,C9H20,19.958078384399414,4000,200,200,0,318.2
215,423.3341979980469,26,126492-54-4,884.8948984912386,0.1741039166097962,2.781294985421316,0.12987148357414033,0.06980659442087236,C7H12O2,18.89523696899414,8000,400,400,2,318.2
216,277.5024719238281,127,111-46-6,1144.0616704058946,0.19451482112284443,18.01949703206966,1.090089999853909,0.1620279648689224,C4H10O3,146.0167236328125,64000,3200,2026,23481,298.2
217,1343.2874755859375,129,54841-71-3,768.5408964607175,0.19445205350407851,19.43818506584731,0.7304648770132082,0.5707753406239646,CH4O,11.910331726074219,16000,800,800,2,308.2
218,517.340576171875,180,37221-95-7,1115.4132565906566,0.19246188042202714,25.762176297522927,1.5146159006398903,1.1382049255851194,C2H6O2,22.17108154296875,12000,600,574,531,303.2
219,470.3626403808594,26,140-88-5,924.7651521698816,0.19340098837491868,3.5303565278332343,0.13148348692002507,0.11823078907433211,C5H8O2,17.008153915405273,8000,400,400,1,310.6
220,376.7349548339844,102,142939-39-7,1005.9553676468325,0.14744872870174267,6.269468858597922,0.3134259360884861,0.1557053359761404,C6H14O3,30.939523696899414,16000,800,583,4345,288.2
221,487.4115905761719,5,173201-80-4,898.9000401557975,0.184824119333841,6.675223785875407,0.2854297742425649,0.23829542080033767,C4H10O2,16.415285110473633,8000,400,400,0,308.2
222,715.9957885742188,30,120-92-3,942.5922054960938,0.13343046309096732,9.425102735811961,0.48608462770265726,0.40011869275240064,C5H8O,14.690031051635742,12000,600,526,1483,283.2
223,510.57025146484375,21,28347-88-8,1083.5584399017391,0.17466612319780211,1.0776308055584913,0.0016825679907918596,0.0019379220024300194,C4H8O2,32.58905029296875,20000,1000,832,3362,298.2
224,523.9772338867188,26,140-88-5,904.7613684932137,0.1937445401042305,3.5840167938201835,0.13109858295270335,0.15015878219760612,C5H8O2,15.23157787322998,8000,400,399,20,328.2
225,421.487548828125,58,126492-54-4,889.9275696901223,0.174840782233691,2.666325336642039,0.10547129887146017,0.07258843975322266,C7H12O2,28.14318084716797,12000,600,594,139,313.2
226,1401.994873046875,284,54841-71-3,774.8802624902468,0.18535407531936787,18.498874796149416,0.5074006972435073,0.4665411419628277,CH4O,14.266100883483887,20000,1000,1000,0,303.2
227,2246.95849609375,237,14314-42-2,1070.6902854964287,0.17816670171725735,150.50644075756637,7.001714397676929,5.260618921443907,H2O,7.120736598968506,16000,800,800,1,283.2
228,542.7910766601562,18,68989-27-5,812.5297842124783,0.16143455792524763,7.440590214987761,0.44937569734480015,0.1332686570340565,C4H10O,22.10979652404785,12000,600,600,0,293.2
229,405.4872741699219,187,68989-27-5,802.2529182267381,0.19464989257665202,6.90751636058954,0.4405816555444563,0.1907734017864684,C4H10O,29.589092254638672,12000,600,600,3,303.2
230,570.122802734375,32,71-23-8,794.4378390360874,0.19061046647119173,9.741944612068941,0.7399534748141381,0.3819466935963172,C3H8O,21.03055763244629,12000,600,600,11,300.2
231,242.1601104736328,22,126068-67-5,1139.533339526828,0.14417962324760308,7.253450863307882,0.7487559636496878,0.1688166016662572,C6H15NO3,11.265274047851562,24000,1200,137,21273,323.2
232,409.76513671875,10,126492-54-4,895.3335397467056,0.16950423935342956,2.911577185019853,0.09913024369268462,0.07329892863240453,C7H12O2,28.386993408203125,12000,600,582,369,308.2
233,267.3736572265625,122,61791-44-4,1111.9577856942612,0.19261354649878978,20.138359255255462,2.3875042131681767,0.09990973076085158,C4H11NO2,143.17416381835938,48000,2400,1914,9720,313.2
234,388.2091064453125,12,126-33-0,1295.3333385247079,0.17950737210667653,14.277028343182648,0.8043905196415643,0.2926754332905751,C4H8O2S,51.51862716674805,20000,1000,1000,1,308.2
235,283.8245544433594,136,11119-77-0,938.7151967972342,0.1891257301384695,9.628925992234455,1.07677229627783,0.3299746312659096,C6H10O,28.676166534423828,12000,600,407,3862,288.2
236,364.6485595703125,69,126-33-0,1305.3325509933084,0.18674160598992143,20.455790546419664,1.2674269154353008,0.1522511068205534,C4H8O2S,131.63633728027344,48000,2400,2400,0,298.2
237,589.0504760742188,187,8013-70-5,794.8467740405239,0.17944795225944374,10.320852248511207,1.0023601899109171,0.2920881755133057,C3H8O,20.366676330566406,12000,600,600,4,298.2
238,490.20184326171875,45,142-82-5,678.9036762995232,0.1325363141228494,1.0027324335507233,0.00010119164077309858,0.00010177875104115803,C7H16,16.291248321533203,8000,400,400,15,288.2
239,414.63067626953125,435,126-33-0,1290.9335284525769,0.17284739302146315,19.46091936589415,2.2359437671979245,0.4080252354635286,C4H8O2S,38.5137939453125,16000,800,799,32,313.2
240,450.50140380859375,63,102256-29-1,994.0996694400152,0.19551680727425305,4.84776027793737,0.2918831208694192,0.1483172634751626,C4H6O2,13.267438888549805,8000,400,299,2024,288.2
241,383.3994445800781,69,105-58-8,1018.7211844351342,0.17222988179123452,1.4463895822598714,0.017151153113825066,0.009311538101343489,C5H10O3,41.23375701904297,16000,800,791,192,288.2
242,593.0277709960938,134,102256-29-1,951.0406437243378,0.19936402393588362,4.466353077517233,0.15661189256021743,0.13232687681720445,C4H6O2,13.485033988952637,8000,400,400,4,325.6
243,2100.8955078125,3,14314-42-2,1039.353280595047,0.19760718884678224,117.39676902040304,3.7855519102503137,2.8147993274406367,H2O,7.616276264190674,16000,800,800,0,315.2
